Income,Essential_Expenses,Savings_Goal_Percentage
87417.22139252524,32698.688908690463,11.54264209339765
191128.5751537849,98767.67492490017,11.174469976799996
151758.9095260529,98518.59610898086,27.656364513025917
127758.52715546658,75746.7473603457,11.238654996237653
48083.35527963858,29937.87307484165,11.798743153215774
48079.01366051647,27093.165893117188,23.984956560449092
30455.050190275902,17569.84206425996,16.2434960612635
175911.70623948833,112526.89427105022,24.41776392387953
128200.70211377759,51263.256246571866,6.6341539391096305
147453.0640032882,73102.80339653805,17.189279841834608
23705.20897324444,9209.089110048702,5.840340004582066
194583.77338915897,135248.79915744433,6.5663300863838625
169839.67534407592,115087.3953063896,27.660936333610273
58221.03992208971,18384.499960101504,8.48113427793988
52728.49409727811,30700.11475685522,18.31051705688043
53012.81177361809,35523.84949009083,15.277390065017663
74763.60373271679,27829.26653861445,13.683583156471068
114456.15769380282,60338.77885597082,27.49583364218181
97750.10335558084,65120.66129069658,5.545584919387237
72421.24523564754,22709.737586664734,21.594742154389728
130133.5210500283,75343.1583264017,29.08486085533876
45108.894917367536,18897.902526151032,19.00420458654605
72586.03673633927,48615.11349951501,28.420561550827294
85945.1317928645,59166.631081573454,6.306446982150594
102092.59715906647,69188.82646126547,15.469832976854034
161331.67305074245,79001.81109834109,11.503944774051279
55941.28078850475,36071.892232815495,23.270524124518246
112562.19891445008,71794.39463072854,29.532427262431167
126634.62239516765,54154.05389266188,11.413251561106195
28361.07428959959,17911.895623754288,21.354365036851863
129358.07334225891,40722.31653297776,9.952440818993503
50694.342263712475,27299.306399638317,19.133256364290247
31709.28673735031,12430.152490677225,16.598312167208405
190799.3967056,66441.4546392711,29.300133240788426
193813.7659534207,64109.96570999818,20.213181817411666
165511.522660963,95750.98300122045,13.737659302170469
74830.47845120673,32622.345996302392,7.852394622198334
37580.9805211491,22169.272525624132,8.781170718373364
143161.94477218826,46691.19977244468,10.632923248780877
99227.44887312823,42282.41701284976,11.27416653350745
41966.88227206019,21646.371703185006,26.265401446028445
109131.84382002863,67256.7839180424,19.030569707063123
26189.93380073931,11196.222920466142,18.08477278435916
183677.67237418078,101088.21018546303,7.869221796730437
66580.39668800303,43569.61898012451,26.503492333735874
139254.01118371676,76080.77107302626,23.070357580212093
76107.99369609397,29924.429403226157,6.69170904750004
113612.24381200595,35192.564160963746,22.69587743074422
118407.85028179034,76732.96996102337,18.588455433566153
53273.80199459487,16435.381551252547,7.0431336436694565
194525.23299762054,126418.18857220707,16.45751603821641
159523.90820500063,81608.4199874094,17.117407178251174
189109.80948155405,127767.70826688831,9.144363504081895
181068.9230769768,112174.6050324852,28.642453675007058
127621.99618599533,89229.93615514268,26.249384287016547
185937.36230416104,81865.38064884619,21.725558433227707
35928.65036934551,21804.2110309888,16.55738902501518
55276.91523544613,25470.074987467236,15.294138539612712
28140.912003896854,13843.928642684143,21.274336678773853
78559.45953738758,43286.43388009355,18.635796735172637
89961.91214410675,58427.63915873128,6.5568276470471405
68842.82571930127,47751.68242112336,17.812566219258294
169172.7516473473,102740.19647058891,25.160090430820986
84215.59880484607,39337.6715298521,16.48099693992395
70568.21174372853,33064.227585674955,6.298914438856711
117685.29496848473,70026.62478095444,24.656954984600826
45366.36049545728,17942.888177837645,10.03409455339936
164395.45653572713,56583.21386616422,11.465520872200969
33419.11586235875,14766.198348130327,9.117658835807397
197639.6485880931,81999.8199249523,13.25537662178744
159004.05847339833,66546.89502647029,23.918787642215875
55768.82267615103,21941.858500476053,17.984646487598432
20993.981082248432,6651.67577544144,10.122031853767814
166783.05712187014,51227.34492761525,26.94575195380102
147234.32189257108,102340.95107612909,26.98954637378823
151221.2902473777,71241.74916089377,26.76446062615017
158828.66240347023,72065.43363879414,10.969905284538482
33328.037312136265,19058.93519231554,16.280983604524703
84523.83113796907,32736.21124663549,29.624741403521877
40856.43071452335,27781.73853177658,24.30031190774976
175358.61665760682,107764.53457468889,5.679185530638995
132193.66282896043,44385.92600583462,6.630114781512301
79561.64447347686,37157.858630826704,16.598284420308318
31440.503051484255,20488.11964805484,27.730505146539002
75976.8179088192,51504.13850475176,18.467544948817856
78532.99796481447,38242.476162139224,17.445312700857258
151329.11210085152,82529.53398297794,7.636842498915764
134760.34484393836,49431.92432358625,21.41950261810735
179698.2936637388,125154.01243906039,25.552579015005637
104998.68652915087,41229.695699239346,14.510500187689058
41526.964268894306,28117.60476053257,24.39029627313319
148384.0617001391,83074.10188899061,29.11191634752029
156941.30875104154,85233.99581109303,10.094161478192227
121029.89556250932,61129.22344652336,18.083240779868532
158774.09239182097,62281.98371661804,12.178448952114389
108883.20734559033,40353.337528143,24.821360475845985
114091.90928875894,44289.84981249039,19.43983414702894
96957.38330453893,36317.84140950272,20.864560438757593
24575.442813937134,15036.086303690352,24.947853990397352
39420.4568587948,17346.97612730101,14.899261816561372
25657.253423612165,8290.809711598486,27.87725171017608
134553.8740274805,92524.76749451084,18.3257216811535
76584.0765937388,50048.793340723336,8.9488705708837
111542.7244096465,74856.42422083953,22.39747795422006
183361.96530669674,127979.89105579176,24.83153376095636
64872.60124679749,23974.195238570555,12.919041926688166
93868.92614641335,43038.60296731576,26.429481424968824
155999.20493774876,94113.60122654412,27.65358136914416
61183.66978849204,35389.139200941754,11.922612184445224
33856.383769182736,12241.058676974153,29.58803681788055
72155.26152447824,45193.23945495561,8.517788201218961
49019.8317057208,19106.765135463775,10.05039171006225
187345.57742166315,72976.16934093242,9.605620980950654
165461.66832159506,85177.97403966649,27.34974275019676
134012.67617187623,71988.38984248869,21.357313808124047
176862.9062337892,94097.16490387001,8.802607080556822
164660.9738418406,55424.01684840195,16.008085459208722
53582.61059948645,34881.44066729119,20.38245062674505
180660.619728196,73391.57323602315,7.086602124734583
117081.60354481713,41190.00693015372,27.06040921018347
165339.22792953125,108379.7369186154,25.090088386038378
181296.43398622877,123691.41370092907,17.630169339415957
77240.62549493549,49808.69821409735,29.17816538147926
39809.34641498182,24833.32626338214,15.444024481877493
61028.3292575495,34303.82811238768,29.602757975912446
96879.40195272614,50410.51363616369,21.697999970090677
167242.65786604877,55991.95613051066,20.866781831348536
174931.5049861418,81059.98560739557,9.148872382394625
21251.383495614326,9543.473688460484,27.0481939576161
111934.51446396184,45210.51980534416,15.68724219801538
95133.98056678021,56068.92818494117,9.055835144561984
59979.405884731445,29890.754558491095,5.315187999393976
41575.76612006291,13820.55324301587,18.993892090959562
80770.73085265304,31344.962512981336,18.18499055306691
189723.74670425346,108769.28905528186,22.983840559228963
78176.52776373594,25833.61682936899,27.256451325445052
113382.3119138059,72619.41670688803,6.985164616075738
146543.412601132,72987.20850283015,23.287412258509057
85453.32842827291,42063.08758068732,9.685298602439556
194920.77488977293,104665.26624155864,26.4544263289291
193240.51308958002,121716.86312310853,25.476587846541403
65320.81324856555,28683.916100773928,18.51984387463861
109504.73106062938,62549.809894485974,22.75606996558279
74158.09576701853,39028.8707958909,12.85875282959371
71271.28898794416,28993.96630086151,16.779197473320366
26639.650523815904,17354.453467643387,25.54092244276179
129721.58011638143,80293.8194544226,16.481629929330346
110482.22418119507,62243.556538059056,13.944956633136044
29266.175224998085,18737.162138240998,17.3553111812575
70156.36356259006,45385.3919800818,25.70623131093046
183487.85947399767,107036.76037342769,13.380201184271819
63121.140320055034,40069.63639577637,9.344039828393594
46081.076976420154,26680.41753854146,22.80035050826952
108101.49684996135,61840.14325337896,25.649455317702046
197417.0817399081,108074.90572931014,7.5159369630883335
63569.948872070076,38211.04797835529,10.996852818898617
140984.39853305812,51239.65770952398,8.549299744024847
157091.53075916917,102478.39361317121,13.698535289554165
62774.75791863194,40724.33393444279,16.258774472635316
151078.94275013474,47091.14226471048,23.72065842408266
86200.96388946558,54334.76912473923,21.278689622041853
133815.0495068443,47042.40593041311,20.52321418696078
134035.34793696104,58177.71327343224,13.80937366524136
116439.44313345653,69561.3078711258,26.036188827119
36252.15860979349,13206.804882792921,16.782179184954114
170354.44920606283,106844.0635068289,29.477623450378864
77740.41169491244,49198.30494041069,20.85355345739342
53573.33187197376,26946.694487627206,8.156618539112568
27339.525479857504,8271.69232496264,21.90443905188585
126360.72977388353,52416.358124531114,13.127600385792475
141961.58513161083,77620.44483667535,22.158179917152435
22985.809207014107,15917.086075983325,6.7410287040601435
112176.75049387058,62002.94049968163,9.372035929398985
60769.23953562883,24545.998280649485,26.393431472644657
136131.102273701,75362.48876641544,10.679488925587872
51385.95722089846,26514.853415065358,25.9260281310735
144368.79285844386,88344.77318320787,11.98190221136026
89612.36233409673,30718.42380794683,21.072047751467693
188611.3979726122,113998.83402661259,22.353764337745776
44753.769946278786,23115.618960555654,17.816368828626324
81391.94318904653,55769.49914455291,12.632766917418282
40425.23382330603,17655.6750469094,10.316109409277402
186444.8512901413,103113.09330234102,5.829733864060655
177921.0836085766,119707.30527696939,12.598660031018095
66429.49298872802,22652.7155993517,21.329069763282074
138797.12828615223,93672.9875164033,28.457620461212066
167099.99603621886,96108.27939880065,26.7801120565763
119936.14608790322,39235.28999877562,24.151619413382566
115337.10410408117,48486.037732216566,24.711183581332467
63533.412362081304,37057.05944111122,21.624622586899882
36758.49820506186,12017.832246798429,11.507171439150074
181498.83643159881,96714.95538021646,27.679875767645747
182075.25028939947,79813.27275304872,21.76830779764585
133958.26230918823,73458.18421313292,19.011015774510998
81025.36238876612,25790.114663053053,7.774736730337027
82857.72343027896,53742.73928647658,16.176388595160635
150672.02219664308,103872.6272878265,16.50895678004816
181479.84679146387,124776.67593219492,26.614090238066748
179675.55636772112,107780.31089051283,18.666205504694712
160377.5982543723,56458.446979548615,14.510013724260242
135565.69630777178,81787.50014860128,29.420008212766483
35145.193699108786,10889.20288629599,7.768014833157892
49093.16853703048,15162.396658649437,15.563710707798615
181739.75393487426,78047.06282008161,6.0506168792851325
129157.23073872618,63991.88973841895,23.49760301917326
21655.469290993336,13170.054458454055,27.951913804978766
38264.87771588578,21937.94892663695,12.000933238762236
139430.31843945006,66698.03806908407,26.45854191997802
20911.085092319365,8562.057728553244,12.305455761547444
48945.44925514975,34205.517425959246,27.76925404109788
118772.0820859855,55879.00087086892,23.8490475899196
144541.1355846848,69459.93790932665,25.122669421035965
137353.0267104681,50195.59884618371,5.450163890011362
60368.47570290076,37303.11908372767,29.07025892685065
148192.25984255644,85577.01261323623,23.16677480175808
62704.83574942401,24348.779648180465,12.618777384653333
78571.9456686682,26160.71931670288,25.734866621471173
154368.45292124434,88329.5856664773,12.03802996037325
136933.92182849866,76930.09152944907,26.8188459891532
172860.213888952,70752.34428032732,7.814509760298425
138370.3206140618,94139.61457174583,22.592149436519893
122295.5486003849,44078.14767842057,18.51746191612276
36861.45820905665,17433.03394309807,7.4133617548860204
86188.84455069804,58388.31970876503,11.047345706470974
67736.42618271058,31693.25922274655,5.3101009069328695
63918.13580823504,35500.79603842051,16.719199136612644
195141.8998554402,89577.5004327679,12.531631519000008
90757.59044001688,37182.121542879846,19.958937107443973
180568.3799318804,125240.61389207945,12.43094519271543
133604.95267950732,61957.10602138598,12.497977787674618
163066.03463749672,107238.695077849,23.579829968290085
110474.67675893458,43304.06732969875,6.203570899458836
123842.69923274464,47709.394476087975,27.572374879799682
108653.1848873955,33949.08237179877,26.306596859779535
55143.73780364801,30917.259162639795,21.695117080660165
150041.38074707094,67130.0948057144,19.83053925268461
70539.02523935404,45550.10293231903,27.307562453491308
24376.87395766169,11927.213487673282,9.633254488217862
136185.01326329022,93596.87790778578,6.974229054770715
51879.92229326881,19413.99642321926,10.987754247738453
189282.54518352458,122550.84516946302,24.864456967504758
191707.14386046573,117063.80899003227,5.866756668162083
184675.59023968072,112350.85574722571,19.570170877087243
86628.56604598,55261.51368237799,29.885937904782747
22782.190975196136,13769.774851906575,26.392402345938486
187097.34126579057,102994.86526927559,18.036142226089737
97073.14669711658,34218.085314937984,6.591022732166058
193997.86742786053,60723.36401110963,25.784337859642747
193451.59587606552,129291.27305041363,19.974462704430266
173541.7019841248,94868.32863962733,7.873324926489171
73000.80057252542,45159.38414261022,7.346432120583906
89317.59114834655,43998.643952979306,27.74067048591481
173204.60087303424,60088.70748125828,21.73000657345196
77045.96092812998,26971.81214035687,25.732169982918887
50508.694403496644,29003.4113555664,26.97447250705668
120224.22724250302,56760.54564962356,19.294308801208054
188507.85934894058,71672.5525954069,17.936158793876032
145285.36340149515,72154.20596825772,15.760685258024754
122611.0106160857,39932.39225097244,12.923664694777983
37491.76887873834,19975.18558146549,15.864899021467794
130701.30080585055,53273.50538889977,24.34699139325391
198209.6930187674,122696.48570627872,20.04808577537829
45215.12274257433,19177.758449714376,27.31308224887115
113299.33742547261,54620.257737118955,16.08450035947969
177927.15294703198,54205.18971673188,20.17723946796885
153338.3511957568,50445.05988819971,20.78268882729972
145462.83337914821,66476.13993293443,19.79242905765814
146447.13511767966,72048.40748572002,22.56584432713791
84708.40721955593,45743.236137943226,10.935836709370157
72846.53196760881,30352.60253576363,17.809094438644767
165685.00798613246,95764.73413707716,7.605620070208692
165820.41104225253,106796.46309210036,14.612783191120315
176073.01734441865,107746.19188071792,17.19167671553161
184383.29946016482,58237.00973343589,21.305606488636812
112041.63179496881,55147.20252232511,28.763276314655087
110272.93304369593,37710.263328696965,20.016276663708897
163693.13221401954,64956.38237753753,23.589847904413993
136993.50753999772,95164.60002606992,17.656651487380067
146354.0379063866,52248.13060683566,20.85260078440828
163242.6804984982,81548.73992488765,6.773305403344336
180200.96152716194,98617.19153721014,11.359789521046174
80839.12823327645,46966.40080326277,14.046327330128467
87604.93147518992,45892.67326937752,16.81233387516284
36916.74917135642,11219.307920753166,6.141218637559593
124090.42537931132,53431.41665774676,8.500602438832942
26469.609283413574,13422.332753770974,11.920357694782645
103807.64326384282,34790.77865838069,29.288317272526267
117676.03424736379,51806.96498021698,13.283675177576269
71577.42538309119,22423.86483172764,17.051026452802063
126349.98690242194,41876.352905266125,9.902442818459823
25490.0449890289,11694.05036373724,20.269501776894206
26722.673974858597,9435.410123105667,12.017080387899359
168068.1009187385,88574.63530007354,10.174814460960668
84834.31545402732,48846.410110725,17.914315711149477
42870.89227733926,26590.01413767222,5.1376449790105205
114003.78680986479,43328.290352890515,5.1916008162306335
158598.83955774995,58204.66914429453,10.476720227546444
58847.78494943177,20115.76979707965,5.918034062520529
132120.28564742004,73270.22423997163,7.700643853267284
35362.54369887824,20601.874609699385,13.47151623346879
29302.709810349384,9161.036797446197,25.06464198949532
115643.83368226665,78000.0194230426,19.30121608423252
117314.32188981917,37633.08692667212,17.81669314891041
134737.38226967718,69594.35518115743,12.337220580203041
150696.44007007906,87950.09045122139,28.293842985820408
195653.37430325622,126859.23148092565,14.925376030929792
112934.06269421516,66138.1141532899,7.177319169894288
78132.16512942428,48495.94992894958,20.426662902945033
163133.51505836667,71090.33575620892,7.845959836915036
68749.80522717336,43032.56871386484,13.630578570042303
99014.8557270145,32877.480700652566,17.685298467945223
34122.14864160787,22449.87137051589,26.855563117129396
24563.13381478235,12749.174069002247,17.338664508502966
193276.71464202652,121168.86553765016,22.556469150791607
170476.42169219704,81986.76755191226,29.82042097497676
145275.35709686566,80980.99892476088,8.287227997449541
93611.52999456858,47794.402391747244,11.868288137987989
51192.977612752235,30338.7916874036,14.86440188994116
48158.667680795494,16020.076775198835,15.545704463470784
65043.72166962716,21083.326162193825,15.275526881638644
118860.79964710168,47406.59509006286,27.690275063913873
148627.26608601122,54073.25567531952,22.85081611167141
138835.5278091916,90064.47098404061,20.197630352267595
70388.10145026972,27288.452987671382,12.734317946569552
191875.75051937494,132460.67650224353,25.594759605532367
152821.44500523832,66440.39418742927,28.876512787124724
119783.72945205212,44661.02409210635,25.529957063755663
130109.7343221834,80131.90548022815,5.039127629786822
95528.01123700218,53828.420883080005,20.910034254585177
64591.57811020834,32249.172446444154,6.278384536052518
84075.0821572271,43899.419116052406,11.440180508343047
156412.29988358644,91920.49165304792,6.488117508694292
22590.827953356056,8841.641088624348,20.09488632373469
40893.075291244924,28565.185725185172,22.16474783731517
28280.475563915497,19511.188349960255,7.862190951647628
27331.184417414624,15309.023831196335,14.595972076124488
173982.9051219813,66081.66165971961,16.405912723888548
146658.41468840424,83902.00267102235,14.226325544022915
105351.28923571853,34647.864957405094,8.025625012129826
37610.14891718027,11744.182744211905,15.473694754686885
108490.85752102983,43729.75227353995,23.779451195210452
105224.91874050182,51039.26083430464,6.775191613331387
51176.33658380273,33126.903368437204,7.004500352047586
98093.29686283515,57960.15363087381,13.869282295899605
91730.85219152721,54770.89650460969,28.543142790473127
130853.01764939897,61526.740015713935,21.714316168072852
134316.8571561759,58881.01753855404,21.96674891681412
28154.721758968015,12625.01378113967,14.047999770946625
87430.27063276482,60769.2686489397,19.84151978021346
132654.78482856255,41924.70591115696,5.253279600693585
110564.52654441578,71514.52871047474,20.902401160238554
174168.171413898,92565.18652546703,27.83217368940592
138564.8536914101,65880.12866214386,20.31433670862048
49328.19687465734,29108.72012552169,26.842464836658625
32702.374532077374,16176.804357863315,23.099326386652344
135635.47007713682,88077.50961254144,8.013960410092256
24772.035897491925,16356.49833253749,27.561332682146045
125439.6046292234,58792.083921117366,6.661096108894372
189241.44345649236,77727.34981200464,18.349186813694097
123585.35201765821,66357.93515609193,8.553428094836441
89870.58671717394,59759.02768307848,5.292665268272602
135791.87931962358,52180.04961455316,15.550856503190975
102485.520288473,56283.67786207631,12.376017691353905
118211.02207686829,65326.25827115197,17.150012344940073
189463.66557977453,112398.41187835898,19.42999716836377
89498.47480413936,31559.585302202206,6.093476807723684
193014.30148830457,113170.07266489282,8.07508237809364
182963.11555209148,121416.7035132901,18.966059911260636
55242.40426207336,20543.172054332426,13.579183829316456
32485.034157529783,12832.151456877078,23.2293371887362
38140.0402479368,26261.63126773963,21.307291214798493
23279.92861727895,8669.230801363521,26.14010907474767
36999.732936067114,23744.727992512613,22.31232066673063
142941.21921494423,71029.08456176381,15.748276934753703
32813.95672284122,13089.238927255321,21.82416555986081
77415.61345287703,50188.53914428054,11.884529356385464
172077.55597450183,82274.08276973495,12.657837469455316
24188.948432448655,12237.840700268573,24.72462899801983
166604.32686600843,73921.23153846497,16.160487910039556
70733.85945921199,37996.83871441089,24.959508512958813
41269.66897189812,15080.33112780413,25.56055934170696
145412.6897655471,66371.0941945345,26.439058441532094
133209.7124203791,91616.96839613593,27.91588089603018
177944.96243486952,71756.90632453527,15.774630512832406
152312.78788469944,85705.59327836297,12.97167045802847
164626.56746927273,70801.93986015135,19.554968664852847
70766.22306283517,43124.17561702908,14.279310585940689
51939.11788035011,18300.72036069836,20.026854170005826
155110.6552953545,106705.02771714977,22.639646566095614
165230.25306810753,79560.98022542392,22.21012546230342
198290.9255601212,78209.94361038267,14.363822175503033
94271.18184405677,31052.80464621476,9.17150504246882
86963.25544270097,31994.05665822853,15.763233461555188
159754.33293355943,81140.75605119135,8.56485360204772
81344.63724554321,35368.75162862248,27.252425879595208
187536.31860864165,118439.18958001824,13.646936518446434
174514.29533174212,82432.7016231544,8.861493680583095
97218.9249275033,38837.571156289145,5.636193997643772
155156.7922024695,84848.73223886779,21.145559657162107
155817.71733524284,90796.68024043126,20.92255793636858
38562.29639046787,14145.296741982625,13.515104164532291
182459.523202322,66971.34587410193,6.792797221191275
110945.42704061429,34911.038960716534,15.2407223723808
168762.34389939348,100339.47521570363,12.780437376584839
77608.92818551011,43889.54162101989,21.928015993375233
181194.18112931607,88758.39548686589,20.144481236317258
90056.30217214936,57426.03826651241,14.1148432049385
21950.777266453704,13659.267610990635,10.447313856374752
182968.75575546746,97731.25061852271,29.700899153889797
36431.60182150404,23582.4859723338,16.35004052990287
77476.45476627468,29622.075309261967,22.206855894505928
191011.1540691449,65854.50448639925,8.513824189459019
191109.2864487601,77953.44824536488,17.139742491484945
123218.81986219149,39779.315973444696,5.6884179967366375
133730.69819056388,68532.67819202127,17.636377947761247
100720.19395609756,67950.10098216268,29.100435177942558
72777.93890565162,22978.718391337414,14.605167824645006
79159.61816658487,27614.355116930754,5.97490031437279
141053.3220938669,67829.66670295889,5.7738947729835886
155427.4152987824,104688.13666422167,14.699668998671736
162484.22787065274,69293.42060269196,9.000623411579852
162131.2657030197,81534.82832741714,5.583802408204647
36417.09854876426,11530.714726626084,23.90534034875442
108995.65484646466,39166.20218629283,16.463075222047266
30360.576802995973,21090.036890595362,12.231119299316363
118915.1988182724,81581.4723134514,27.50207957541202
99475.49024720787,30039.20988426726,7.90347400501314
179786.75289649397,122385.28597689164,28.89797072388298
83164.70225937417,46210.29841239458,12.84916793443382
41072.06295696905,26580.496820703338,27.21009180771703
45738.50276951045,22041.198889379553,20.07357191198654
157071.913709145,79515.83607665464,25.667683993537185
131279.251396927,65053.940660708606,29.600329080261606
38202.081702102245,21650.865651025888,12.210135945468643
35139.225100699536,12504.662280800747,29.028387135189824
146174.4436626416,45604.88222847684,14.73704737256051
33097.341145554834,14005.867273976217,14.637797618423058
167934.8106722641,97716.61539150539,13.509677606362642
147123.6008881693,56016.04295766513,18.53519018368963
34642.780515541956,19724.662946551565,8.853626079462178
35270.78853533455,24265.061631049637,18.84278713395028
197595.12413021157,66700.2666759938,18.5426203102501
87368.74323610165,49716.38367773816,24.04754531512175
86715.58647204036,41406.70014724907,25.84124904843964
166303.92210635045,107641.36137159639,16.0110337578106
190504.74392909458,70650.57328903528,12.558331233787344
197480.19148811675,113956.01971653989,11.48337243292736
155608.07334660948,98849.42418977403,9.865595917621798
87726.72539556483,59465.18251328683,6.441189554975622
35030.12900576038,20082.7453312952,13.561199470867834
159886.44486693863,79762.53565802824,11.756192303269582
120512.76495244491,65937.22117968772,29.160434646660185
96359.96166445572,62399.04889710623,18.942720656251097
183143.78931705246,96744.58928338712,13.681925975762688
40015.54681510724,12491.045968481065,19.5116900248424
108672.51877235464,73069.17146713883,8.479917533642388
22043.65605813543,12692.973034489956,16.101093730055073
104358.91555894272,59547.75598801167,20.655858035526595
30134.589622730724,11640.089770549263,17.222445794811286
41387.224928252945,23323.943941866557,15.044470016358106
41154.72441987888,18830.169755362174,29.846209722492453
136857.85438089143,76707.895490259,27.007869053723176
154288.0782677762,52864.83700151634,20.585148953986003
125006.37771748874,70395.85676600004,19.23443402955707
193191.05872541753,135188.43593216492,20.5165119956146
87476.70431426672,27929.983401397134,10.032802695560832
71428.17553073494,49347.56032108567,14.878443581607964
176347.84307410286,81607.28940349484,5.986488322272483
60247.25093350148,39058.37592952287,16.888650937170667
193380.05709931004,118533.11696213711,18.575614598941577
22187.80544416694,11688.680226230548,10.693743402580239
194578.18880737503,115847.90050715706,29.100721179137842
27768.7841511037,18088.758843396245,27.73636527343105
180405.7604656528,83285.42496461108,23.053580886397647
114986.19963553398,49537.580051840356,18.334665719134065
198733.66330147407,112689.41063399606,26.749228991192123
33283.3816523718,20740.15241649182,8.266308595586572
119693.77119223773,72404.44435974986,24.762744856872125
194474.4564114378,120404.08719519479,8.120520349171208
114157.61195062679,54137.34399502104,24.855266563735135
133291.75486434725,83591.74960413479,11.894189206283924
145234.7640172311,50553.842720963155,26.927264525454724
101817.39165819918,52720.60139373951,28.601052345634947
132960.45441513142,40194.40597120051,8.71989923512789
125176.57614615804,53805.189984837445,16.56689012663484
182208.44188837803,81371.48667888978,29.524684454067128
28180.348461462418,12919.818338624445,17.085185899328664
70573.37412660145,40804.59918618288,26.58868806286363
191074.06713378057,87019.5708311359,19.718288053282997
180247.48110036494,86424.60243551302,14.383247697990047
102018.21550142833,40298.99598428315,12.144588888146755
131623.86760427663,59138.698043074706,10.080577277152182
69928.61293660388,27335.643799833626,24.04495478444243
53861.808750277036,17735.528564009415,14.663512670575697
103465.71288919679,56014.20942923395,17.78188655501878
83603.4010446895,47426.96534572259,17.308137000029546
125058.10013315697,68506.34432906486,19.43197573082828
33992.23465369727,16499.749715093218,26.639428640613804
195391.06537990997,88300.01889611699,29.518483589585735
197517.93400632852,127464.93173052676,15.189605214345423
145669.1085235541,73946.40491370941,25.687973052657576
116497.34594194168,57278.57056951847,24.11319486636794
75714.97093153899,23491.086586325255,19.33822378638933
166483.10354725076,72669.73003295914,28.90117859029833
143251.61105969828,64760.93728147464,10.01186288821007
49271.04908208043,22641.481449673327,7.731605257740535
183966.89320889165,97883.07127962519,26.349049173885554
168056.7037261704,86287.20515897471,15.978745415843708
190963.98439254632,103724.3867787066,26.174221355176513
150629.5115099048,91274.45027224885,27.327255129885373
130414.73526844218,81534.54853720394,6.561439840476786
95283.7465323114,55955.306829361034,27.086619074651516
187891.1270037224,128181.10774581066,16.207976384235554
175891.5001100735,54050.23256015252,17.760812225105806
28139.360619114093,10645.43512190745,20.664812777330255
24746.05540950536,7498.677152157315,28.15956516825217
87763.40603804892,49058.856306502705,5.477902360744101
165899.59954072992,109363.04324067685,16.921086707945427
197709.70327669,78568.43602669786,22.193051060764017
47075.04039863507,31578.58757847708,23.067673942455713
126943.52876338433,41143.28070610209,22.3133107884277
88560.35419358387,59669.70046013179,8.360878235203046
194584.5916066286,85743.5202804484,12.48488970929203
171581.40616442755,58435.19319319935,13.967888135425337
170899.16684800482,84483.78159036844,25.110930191987624
104364.76876309465,42028.80147450116,11.968996810363826
94667.51042077973,39187.53649226516,10.267624096680079
69213.27294752712,29271.39957084978,28.936200475952404
30147.58939716688,18727.99483641023,5.221582127836722
175650.02772590957,90576.48559647097,29.945521392049454
166322.18164341396,70607.60476743143,21.92053247143489
199949.1811915035,108799.05044806331,25.711732486227927
199394.63067330298,116937.02887925912,12.365484908654828
119977.70700847293,49076.83309593613,5.357881941676499
158417.7347324919,73730.72516546896,23.446737964038252
190057.83137883703,66283.51204359462,25.853614925016895
172936.53032193406,64411.89508802136,23.51190329883798
64522.65831377558,36935.81131925054,8.571257182520965
101097.94435581683,37666.60089848258,23.835698056424228
43248.694727269096,22059.66076304328,24.223069552691026
191729.18490657004,111896.70020040803,21.46351289175137
129111.43420115841,44253.04338985523,24.152898319889655
61155.70499062329,32224.46299366735,26.148035991943303
140906.12319305423,56732.34384070718,20.34010285593646
131263.08328242126,89937.62523240321,7.2151178492419765
84469.28924591129,41678.68961232801,17.190695241680274
40440.36659593323,25169.96365337931,6.941233366790127
140883.17520670395,73272.01749880298,15.18857577581077
113655.3861626828,36070.243123170694,15.17766222814069
159017.31051241508,87978.00471140347,6.650246103506039
113629.43020015881,77331.79692623529,13.720513349236983
173392.6700573372,93743.83295049192,7.774952469782871
119343.2309794074,74908.8274003537,25.205880250230553
120968.83487636952,79075.22072747574,28.69220064911177
177797.64847850212,69560.11339076392,6.807911881448465
92626.91591823146,35644.4985982991,28.877880182292536
44122.74112111533,24020.08473673274,18.06441498341863
25180.881736401014,11694.288236318907,12.489141948846846
155924.70602125142,99159.46250562284,6.9215518819040875
131655.71924362364,86893.99243183021,17.515606701760447
146734.35825786024,64763.93119199493,24.862888612268716
58333.549071603935,23027.06487170366,22.677161931667452
44546.86560561856,27272.045773415364,6.255650286599344
22618.039820218746,9271.641488011299,6.822545884197588
83105.76058518745,52277.32361889419,15.071832065815927
126185.18363383395,59243.35082988988,12.382262351198582
90603.92811795181,51374.23567160568,10.809608076401195
98745.48596427123,33397.11818582276,12.02511247271784
182748.56500887472,100428.32804348216,25.087068582422116
82685.98406419405,39747.737253172,28.230701340796347
112518.10804876595,60157.062191389196,15.127567363189161
161057.54229340574,59141.24483592628,27.65277505331243
91377.70081782863,54346.841687757566,13.03739253119705
131975.60604101722,85139.9486919796,16.91092465859479
175225.46757441413,67758.97339748072,10.650724945399993
190913.71225837557,64583.40212211846,21.0119010543961
46473.226567226826,14381.39251619216,29.47452787937022
186785.77252906899,104000.18881949708,20.087327401084465
108580.93275431688,58941.81450953615,13.945352102838722
66483.98989381251,34483.84707288602,21.19543614976321
102644.43612288704,40316.562393332264,8.07301696163469
196405.86355138588,89632.2509427106,27.216477006634967
108671.25691871652,58442.373296860416,17.577098769495908
79175.28985175147,39485.25097109298,16.23374355099105
134012.15377701062,93153.75214659995,19.64661971133798
63226.211380074754,22418.490868341265,20.619596569735062
33655.39905955951,19454.766666088373,6.7943951556628255
43198.34994391686,19945.86643656009,22.06543053058506
43048.251012399036,20287.7731064119,11.04829200788824
47342.484832212984,27791.88998418475,22.848815812664746
44988.89107689382,25957.441158922396,25.56336985960492
135357.45406457863,94276.79127288646,25.098962688813007
52738.41519184607,18530.04909575131,18.812524185197226
82220.11099829538,28089.99607083252,18.00424730776878
181421.91378308213,106990.9479072727,8.571899033485293
105313.09524731702,55958.615166394295,24.38365376007839
140160.3929337849,57418.70458093977,11.78523451116786
51017.57681629337,16925.98654812688,17.417385570448666
54612.02338556074,18254.795147718803,12.106852323187917
27356.350927966196,17991.62502394852,8.345709074992328
50408.31135298962,18991.176543051908,20.738942422293412
70146.26102575255,30117.200709510034,6.358300870572595
51861.88716981443,20260.49765438918,23.716130853155
35966.45607627001,15897.120439258,12.939669881527916
41714.45679810815,13672.728195028669,5.003367325112133
102940.17824589064,52254.89643231601,17.778228480930743
57140.06931304265,18687.375421949462,6.171297713190079
85568.57498865358,53064.718839497924,11.904238945522486
110615.10875387424,43525.36756920903,22.674412186392903
144271.06915328576,74444.55925618796,6.5672405405466465
27076.18517139781,17654.52928753489,25.98346230890006
163893.87180362767,91838.08637408963,5.095498066464578
133022.0701083634,68264.68025148098,11.170596730047556
34716.62575079694,14918.89713534223,23.522601403801787
177244.1523392199,76782.30242470153,12.90675374323267
185757.03209572638,105471.87355848604,7.547309701650338
30994.032773875475,21623.16500955804,14.005847970010697
69837.97666649667,39439.996959018594,11.759832159613138
165116.23036275103,86374.50720282191,26.06779755401387
154686.74426905852,91614.8027316917,12.833697939628578
53213.78348414792,25866.27533631487,24.723311794400182
57682.878200607855,18692.536829358483,27.296803620268367
86684.97850244876,45502.568509283425,15.845435489413239
107214.13733438383,73232.62870745044,27.7485785963598
131285.85887545327,48591.67660296375,14.432951349079822
86404.45512255904,49769.1351860719,29.101960412252705
103256.24890396663,39275.93825893865,7.232238113139323
154544.76886407618,79487.17691836905,22.175481662581067
26602.976520307624,9009.64548409964,17.34535101142322
65438.649981923736,31420.261418509384,14.691220136391177
148402.92545921943,89407.61769098039,20.817796968715022
181137.23078369588,79524.42659507574,22.59642729085828
112101.9395808199,63445.73946026392,5.109081741257727
115780.42734775682,71573.14276192355,9.173827218679968
39290.962041159684,26359.172016576857,22.826151265857966
100534.22602822183,39596.09184566203,21.65963533945516
115871.10796190417,53269.00342523004,29.15118762821693
63644.69065425134,22973.595203942867,24.025944756269574
68463.78157088858,47718.80395305918,28.76931769328345
87911.14935883207,58970.833026439475,22.563512538370173
23612.815599990747,12183.807939683238,12.451305215986078
77974.24980497209,49655.0407174159,7.634123056271411
58060.64125937803,29517.054069654707,24.54559658362339
78949.52339202464,43377.57416236965,21.1037305368979
41557.18372746522,13948.659278260087,6.204650309832406
180294.9105331811,108557.03831668635,14.001261647524458
126846.64163972875,44534.00308841462,28.919995387107154
142238.41744600813,89670.94620599996,17.51002864275503
162050.8229493209,99306.56495538414,15.818228400492616
109719.5958072303,64021.15144891988,16.44249012898235
35645.651855736265,11209.279690783525,10.222068100129093
116679.1775273386,49151.26016096769,14.21767927161988
125631.40124375824,50911.50071022567,14.245331399679415
154179.1053531794,68463.93524958057,6.30887550468681
97698.7183213423,32734.649107998288,24.189190712947955
42964.45450320147,28991.68905457516,15.412610797596974
71079.66304377042,37069.529578219415,25.55449717041058
85354.81335175432,36037.63220978189,26.258700027997385
136265.10343968822,62517.4220270151,10.299851367466452
122740.09484040414,58777.90134589452,21.433837054253214
84097.41066161232,45432.594515949735,16.807045104074543
197572.74478273635,100025.50341801599,27.003918448037126
129039.46748423969,86166.980498421,10.393516979411352
62700.822512479004,31274.25440848844,21.945330007751107
38320.84507167267,26704.386950566794,20.193803056318064
47514.64505317976,30436.455378624647,12.38253693929582
64272.391109211465,24642.305064426455,8.415022591279316
48922.647186720016,32887.666699885725,21.290994011931915
53582.064329235036,18568.680025674887,23.46493645330827
71317.13036489248,44714.406080351604,12.89068359408375
51207.24715305587,23158.4425704229,21.120815100557845
181417.77643275654,118137.39252190894,14.87827269028758
34442.07421909559,22291.691444553984,22.83017208206544
114412.05012264584,71206.64594614202,9.980381872351327
93871.42885813907,57825.943016466874,27.25537506590436
196828.15104354915,83036.21795714782,12.185239911639492
40167.00239024942,13350.214731369591,14.194649693903823
91614.0078282335,42251.65404927582,6.452298802008745
194504.6779895664,71851.93536116854,7.78780530803191
175791.28266091645,101603.92212018066,17.896547567808202
167072.97277087037,73251.45590640235,11.689816918199288
66422.50886808918,45847.743547793136,25.88700564355486
50759.765730211846,28242.166713326067,5.367334716373846
140355.77958639758,88282.69415734343,14.477351216798406
187287.67804296545,66114.3987093795,13.433638669227317
120217.32074250736,77516.82482277391,5.483190772940026
122890.28410458197,82226.24255206934,8.109209975012757
70396.23685885116,34833.801538497086,15.341066872965882
158508.72797454864,85991.17118986086,17.321614611186163
53667.87474035421,32518.64906012914,15.107243681371727
78262.26255276386,28951.985386236847,18.273441960302346
96578.55895095502,48388.410662276394,19.878291872642038
111369.8681632019,51170.579986778735,5.248095528195891
63633.75183471444,22815.85606733793,16.602378986337598
40670.62845305663,18180.330909008066,29.087481022189706
129911.60763949387,42516.03201535473,17.975807003238717
71953.49958324604,22328.95268934689,21.93855668647383
124622.87985607021,44124.788842393995,12.79659644792208
47785.28874935642,32744.680107269844,24.349784453819062
106605.21833386715,55414.651962158925,24.323037046902876
115866.09785928545,79522.24737332384,18.032401191353472
29328.236628036844,13872.231035127052,29.40034558198034
80588.77007490571,34228.18248441338,8.138755369066335
44194.64184901536,22205.895895911824,5.423691622239525
31407.494685098194,14943.83281544012,24.2539552939274
198192.84183019015,67834.64617102695,25.178888434122065
78023.69209545013,43406.961654255305,8.005180728014405
165777.40025383426,64058.91937695219,11.639570823965151
65835.3178574775,36066.90333778846,5.438809084165722
142670.49000030727,79906.95038056403,12.332715269514118
156841.01478014357,56589.797328642846,24.328546847966788
127214.97330941197,41286.328462993995,17.949013192814473
104883.7139390285,64220.78412082232,13.702389829207203
94131.36454650834,45552.06588734005,14.293482372658257
82796.28797773915,26765.184938341623,5.0338406428867035
187315.24596460865,130736.0253504063,12.495013189130898
169511.49340179123,54771.23569417233,21.161468540948263
193704.84391997228,111964.129385963,29.35486109540893
42373.50022739805,29384.817733553784,26.176520674597487
151556.14553665597,59966.52953460533,5.589874116138228
188901.2822277868,67418.81992477785,27.464015116870982
52621.95190981883,18341.59055089098,24.57996033246565
31969.32812601995,13468.99951982822,24.50940308927451
153401.71687221064,52220.75541837444,16.44989397508929
123405.16037238414,71188.06066184682,14.95013232386257
171529.17981648896,55732.69836196427,12.572893220829815
45159.02779273211,22749.71155515927,6.642371473859145
163148.11613478023,113988.12046586428,10.705884087342477
56292.91760859401,35216.179809437155,11.165090874450616
49458.069715826816,27008.447261372497,17.10192674275504
49567.843627578724,20942.48572248584,23.68611016491735
166623.44964164877,91569.3054764843,16.845245709948664
139735.499725316,71379.2108518575,6.446111236179015
114151.77645844148,53700.80301373644,28.944745024705096
84589.48714223044,29799.53563571761,28.568107977352806
177896.0973463595,116458.20111675213,24.62973857871021
90640.11933607436,43499.44949870189,29.783197539105515
166987.89910488387,63096.21147845115,18.612058320006575
99044.28354263931,44283.069632290695,29.069208756330152
87849.99729648336,40907.51824496883,6.890126015418769
103282.36142052915,65172.73563380755,14.142018706534284
74248.01734954558,44062.17050718332,10.634531700169145
154569.6884317252,93935.39361717491,9.895827103356751
110489.67021664625,33634.43737251142,8.520073722316901
61798.285126427116,28826.526912334346,20.560341039149918
181923.42318942232,89604.13727590926,24.533046393682625
89100.41984717805,27414.141923256462,19.45745998550902
117839.51500051795,47598.35950385265,8.674067739705242
183164.97997361844,110652.88208261025,25.27809424833677
132362.83926451858,46968.14375576075,20.898867679093215
41041.64732750553,21100.498048618818,14.704142653174888
189169.78225042552,73034.81118288155,21.853257388401573
132987.44955285522,40540.999228455075,11.497624481070822
80283.0106382755,31830.65486605527,13.629805212355263
45068.973079409705,31113.34311940038,27.937146078299754
162924.53406865327,101113.38441750401,12.262612641785509
131613.09606713243,90001.07004926002,16.749706703948416
116022.99655573787,57447.81418998982,27.253528434900367
180900.66494917238,62210.74000865366,22.693033756688187
161947.49802041554,84080.51670845867,6.555080654117569
47301.47835189522,22787.5313672805,8.682576106974258
76109.97220319867,48538.58929971404,5.19603976929792
64728.045166603835,21957.89103760501,20.773044755729085
153910.33266308185,76231.24212645383,16.19183563526046
26035.838252440288,9373.408581318976,8.356871272556887
122580.14327683697,52693.571637740446,28.948353026419262
157242.5634333243,93550.33583566199,18.241493098640497
177817.8146171149,87203.14577812691,11.04733235282223
81574.71476886334,36737.60628894832,17.51508927886769
167826.31484096232,76829.29450212306,21.990508318377696
39913.7126519373,19309.40431278828,6.905980449339112
172361.41251221328,105831.04789014834,11.8675953761973
42947.959219756835,28209.67450239691,25.17413727209984
91511.71230086611,62423.23888321407,16.49162176006653
163513.16584031965,100521.57531092435,18.664428550807372
46985.13692277928,20023.315550077445,15.820400055236732
61265.251141875466,35243.0735776957,6.097498566075128
150005.46231075193,71258.78226624893,9.1437444955039
149606.5765782934,60122.13294123768,16.13854096854727
135406.5739193535,86165.78804629395,10.229636635198196
144910.720004078,45700.571959326786,6.249475716491968
117690.3998025673,77758.61169324121,26.091241601295593
65323.830603251496,31655.339471521092,29.529813229102896
82225.2788307055,45625.21128997092,24.828571849918486
52687.589024256624,29702.184097160967,26.344623042616675
183521.1010400531,120765.52764599524,11.049428257926134
125010.52305790168,69339.32091050275,29.015674387829993
92153.25501745519,50276.36778530632,9.92314261133571
103161.04465594389,33698.67104985961,28.785745259045807
190511.00113012677,96658.27284090585,29.870482349148777
47603.252560894434,17140.388917352648,22.793070143651217
125521.3697630235,74681.88963267887,29.52859329479555
111059.96219920387,56072.92752498485,19.23849448917759
130061.76237823661,74407.17822645998,11.488544579402259
23259.833087751293,7365.671811242951,15.924897141640521
176982.30360994727,59097.36561399132,19.839023384469648
187781.29084705023,110139.23944385225,6.827039050675374
121723.97304605761,40026.948622675474,20.55858161543115
145397.1482978406,47763.354494993844,29.529445919057363
186049.88861191322,56716.07877105833,9.75269124459319
147302.95417641173,100549.07891027634,24.81487790720958
47457.027724567044,28237.09018214853,27.697469844490485
123731.90483002637,54602.95931214798,28.59253982050552
129208.70834891406,54088.60427974316,29.00339011013618
96343.52083442948,42379.71241068346,18.036490968036798
152559.9624124501,93040.43416360418,29.432697699787592
188186.06265842268,106240.11129966132,23.93275517836097
186602.33232321974,69803.86965696297,9.041785905924048
101151.08685274379,37389.86545592372,16.922502661699248
40382.84825133595,13704.253111787875,22.9582793843001
197271.41581322023,111284.9656962872,11.183507895477083
171001.65556026815,103584.09295005102,21.015379588722183
42439.28261658803,17231.136896257245,21.66501197616548
185751.538871127,57281.685158573244,9.067493595214147
176581.3451711831,58778.3969825336,19.12713281131891
113390.85028269298,77915.84400709384,24.290672774465193
126429.57843408726,52870.05699703536,17.47239161339855
91820.48669662344,55798.32353410949,5.302577919402686
29857.09498796564,16417.384300711037,5.225961726982304
80335.50349626216,36373.976351557176,13.925733599250304
164513.62074764207,62889.42872247676,28.15485171079455
20833.764140828516,7261.703644581778,10.71691949009022
80029.85090440596,43696.713725892456,20.859092221792178
91670.36484636979,55905.493971266456,10.551896767333014
116731.20852882612,65084.85123573097,13.041749741488715
185574.0109542969,95036.32084015559,26.2010522400371
82342.27898587302,26084.427433204502,23.221536056748672
82451.576341321,56676.84345501068,7.384981932830266
152750.22465975472,94626.57628359467,15.71755052466084
101399.2293601653,42296.54035251033,5.729244091131612
60428.86812919675,41816.059560099624,17.022253665075226
101439.11290388482,54853.46768152086,21.560850292526702
45354.26366836397,24172.41942321354,7.962565589953789
51749.657571120195,31009.909620783037,12.222123472729141
109706.19909310635,68534.33092392606,14.945915637553924
95406.58091081862,53674.9260198834,27.988275616401243
184672.262192258,64863.97116113814,29.831375385574102
85230.90184099396,37101.60839206416,6.122782474890396
124505.90305004783,83572.52761292258,24.0251980873848
133807.57182551548,52164.37939362597,14.29310166005858
22357.002185900055,10035.316241952098,14.811454655737
139436.7269630079,65929.97263054932,23.85662433367557
52046.47403655526,24761.73436603263,27.960660803635218
192992.65714450192,105214.93262121461,28.77321486256371
46759.29099556033,31666.810309862747,19.42806465095802
94632.34227086428,37500.62871655372,13.92802898251257
35362.940254155896,12327.540440617599,24.688727146469482
199437.36533227054,75584.40729109666,11.275034581557506
110395.10185962367,72283.39643806264,19.101850720837945
127169.30311760788,71001.71533175379,13.96446153812183
32073.765929916946,13290.17275330745,21.415776842696904
154992.884671852,97084.253325521,11.009972822337673
57783.00675720544,37243.92135529061,9.789823643370644
181649.7720993285,116002.58631055965,27.955977166885926
56925.13528676129,38001.547484438874,7.545092073738422
54323.78971945999,21778.212171245897,17.64894769337329
26578.94021265708,16000.96777667577,10.521319574075223
104972.05011979987,50829.12511194334,5.9732490831416865
121671.40398727095,77480.27963033498,5.900470457285659
31827.555097103424,18822.697395165997,9.380544302645683
159594.9710051019,97445.33438597414,26.669258862650008
101591.99025464497,57141.91188405963,12.061968599425667
114390.24847896441,42435.522954471984,28.761479264382395
99337.29444888106,51457.788144676946,19.54055732472984
92137.35095755868,63931.1498344106,15.915354744219153
120735.25963547922,81490.89452573557,19.502220866736366
47943.24426752825,15210.928864761618,17.917459630656694
52747.0634891488,19301.51806643783,23.96940634393313
175121.4117824331,61763.8350466224,12.062401649321306
190300.7831840539,112352.05313365244,13.82625979000756
87195.67693035553,54681.64124734282,27.352357563331267
68734.04116583968,26490.41196630086,28.661412828760138
135919.91778302286,68278.15790944017,27.31395568716186
93572.15079765735,59538.201444541664,15.48619984893284
24569.544018862074,14572.703130148431,24.50913757517204
48107.46752591427,24866.503759590916,16.90839333252747
148875.00119253155,79817.70560618267,17.438496303652556
138606.30954382726,69766.68459344706,10.117002726432098
24877.278650627028,10424.06188939644,19.77825758146291
59954.9891479309,31536.851724461107,9.653397443833699
61593.463385852854,35450.37166730563,13.289117476679845
140940.6938477711,91516.90324016367,26.37575504049838
23547.89679578555,13057.69829295726,10.17689523027138
38739.544757223295,23416.064167154993,6.77895712933582
163984.8953671741,59695.20073386347,6.725189815320407
52138.03916978005,25267.292423095518,28.519613012577697
137494.29941333743,41761.50763620835,17.673010949045867
62872.900588410776,25065.63646705525,15.235301795425459
37899.45069668213,22382.835190985625,25.271964525197962
63770.994379901735,44430.78104734287,25.8956481977629
150008.04773401865,50953.41955902493,13.304775827890115
174025.36425913143,80155.68710403201,22.34045143684488
169439.57562205847,105057.34684818346,24.278070396297164
91493.03533132187,34915.04641057677,21.366267171648865
140255.3245827163,73218.04526896401,8.789876870002484
56897.173174847776,33753.025744338534,26.897077087926426
72766.59144698238,39759.242072641886,18.477363818400217
181340.44733380157,68040.72999413202,12.061810659250092
22340.346231932486,9877.86959354991,15.630704635942347
35391.53555380426,21713.298589099122,5.939277259972685
57419.52592628492,29955.22725678061,8.196670030560439
24775.796697287547,7484.5661459641,24.138668762896522
52658.37831616352,31826.529229514723,5.000290868884154
124947.4809745446,39249.07023219574,15.414145712057305
95856.41910664963,57350.27373978376,18.06275452713971
180680.90799385548,68838.02098286047,6.365860500024308
167139.84111291936,114194.85203053776,29.326954074308322
81527.12330561767,36456.99739191196,10.653133281241798
66696.21801763264,28730.90634934641,12.60496799090702
88344.63347010805,31764.774134911942,12.598562806375682
126253.0896526654,53309.317462407045,10.760416552933748
68251.45534811773,44408.512735159646,5.036845552157786
132346.80341284414,92448.70691002106,23.233619852199908
93694.09739442328,41911.600827368165,29.171137494982133
119368.49255335644,57230.53767018847,10.607337082126126
98502.775244357,58001.22910781358,21.57617979508556
73003.83671754517,47779.427838003474,23.547408173967877
190721.5952531882,102459.02316474378,26.210634477263117
157449.04294875695,71892.85147180433,15.565729925340229
45220.37163796146,21029.67668703426,12.573272641010732
176324.2356616243,101959.00589584939,13.132378350575777
107737.61568491245,32459.975924421942,22.81553332746282
181019.40084093646,99168.89650604619,25.4194866626409
163973.94607051674,72508.82051017774,9.540349193915066
96538.43080446203,59629.75488557108,14.27352520394413
24044.475497621133,8107.7071135805045,27.548504918728753
68361.92468929029,36592.83303686536,25.16733799236848
117494.15863895604,57852.849601813745,29.621460069061897
134026.0795687065,74643.17268820606,23.856206492052017
66419.78337797642,21648.95969212968,14.829880025698056
45084.09333310834,23984.445281572316,19.765945849865943
170287.44262387385,89331.74260970089,21.525356356183007
197192.3925266394,103380.87992284633,6.961395407928099
114624.23281448345,62056.994162993586,18.612423977596627
50902.27145269463,29044.18326370466,22.73302071181524
69015.31877348642,42927.22460089324,9.18303260002651
23310.321778544014,9508.939657046061,24.515792935638927
184573.78518088983,116285.13259354481,19.594319512852792
41195.1949202254,20568.854456448767,28.805544642439866
123772.96559256564,40946.98237053605,6.060557455172292
69329.93972369708,22422.71487520974,11.633153438886675
119752.04045284282,51935.90040040518,20.038846982495603
137255.66990333557,84269.32513041567,12.413997805148266
169353.5246672963,98745.36165547729,22.860604101781057
57155.82891690858,35176.325475924554,23.975132063048274
21979.249158526487,11141.448936968358,7.562899101661861
44639.413412385315,21251.914045096753,17.846361605169193
182003.35553265893,65335.74851672274,17.722263889776396
177300.21396125274,76465.52236256127,14.232019255388527
127534.3583906555,60401.260074838305,28.323121564241802
128093.0348780576,42967.54963508212,25.68765799683053
139706.60141832597,54240.35888371529,22.43023454774092
51566.83015222092,27809.481898365168,22.858165893374938
184594.15026649277,109697.88806210183,16.542903595327978
95378.69448057316,66702.04125400742,28.024863027414398
88964.93508490954,59895.227305410175,22.364885681332133
113405.18695091076,63169.64671784829,23.22452654139541
28453.87401950991,13330.6178216103,26.54227259468363
49931.006376094294,27685.292334257738,11.851789733554774
152846.05095674668,93887.31418756065,25.176772596667575
34903.76022652276,12123.279281600799,9.881015073912302
128567.37970394987,59650.372949620316,13.633548806122196
64162.83974263777,40802.49171028693,13.390261356746068
90073.21052755578,40851.189673018045,29.463136709728513
71964.87261872597,38051.34784683618,26.41343059369817
84021.08896369085,44960.335392761044,22.529246539756492
149428.2629331642,55854.86530322062,23.176419040384754
73481.9088121715,32691.673320463502,19.051819860064278
121952.83525344149,52903.690610576945,28.67726667771298
105689.07239583794,32814.20404858261,17.40646882205904
139460.80976527667,43187.764122358516,14.512942746747363
188629.35307845645,119341.79604586728,9.075883423289774
151862.97749784504,62146.631757441326,24.65514130652645
58689.26814633622,29769.045896986016,23.361098301889786
25612.96431103124,10744.388275358002,14.608875963103372
67207.5279739685,45450.54906443888,5.629835348980734
127114.02752604587,51318.31039536514,25.974933192950267
29256.646427165062,13805.120910279797,5.285449586351841
109345.92449622253,70975.57577889021,22.592494490726274
127431.71280504006,81145.12843524673,29.256427743151427
80163.90034705296,30016.61630998558,15.941533203705086
158764.19667424794,98601.66712054457,10.874335124898819
39187.68556407893,18938.41912805119,22.621775251084543
33524.800712445576,16534.014288524133,25.42820355038963
151073.9761166486,53388.33290092146,18.660757901946184
109188.43691711573,36276.832395252255,29.175881881403654
143912.43135699249,85077.5356258652,6.291718041449028
98268.92094867432,48995.35697855857,17.619889957613204
64352.36598303923,30550.660312767715,22.96134868306375
167438.41718135594,99090.60640493958,26.566011778729475
163894.85821441628,99353.90868090677,9.481390297694752
145045.36475379684,52733.1666829226,25.000087044092034
68986.12470139329,37534.66471353435,18.817676892963632
126241.52003643567,44707.37804687942,14.91384204974908
84975.30144920482,51031.92020945759,8.29287571447734
36484.77319879415,20532.975910912228,26.63239397272281
185116.4435832037,126368.97168882661,8.931830204492883
44627.353565413054,14619.171580466933,12.744696480227482
191042.72368774444,61672.77283751548,12.251138299060923
100281.03913243204,41403.516971719735,26.78535085477136
